State,Parent,Child,WQI_2015,WQI_2016,WQI_2017,WQI_AVE
Perlis,NA,Perlis,NA,NA,NA,NA
Kedah,NA,Kedah,NA,NA,NA,NA
Pulau Pinang,NA,Pulau Pinang,NA,NA,NA,NA
Perak,NA,Perak,NA,NA,NA,NA
Selangor,NA,Selangor,NA,NA,NA,NA
Negeri Sembilan,NA,Negeri Sembilan,NA,NA,NA,NA
Melaka,NA,Melaka,NA,NA,NA,NA
Johor,NA,Johor,NA,NA,NA,NA
Pahang,NA,Pahang,NA,NA,NA,NA
Terengganu,NA,Terengganu,NA,NA,NA,NA
Kelantan,NA,Kelantan,NA,NA,NA,NA
Sabah,NA,Sabah,NA,NA,NA,NA
Sarawak,NA,Sarawak,NA,NA,NA,NA
Kuala Lumpur,NA,Kuala Lumpur,NA,NA,NA,NA
Sungai Air Baloi,Johor,Johor,Slightly Polluted,Polluted,Slightly Polluted,Polluted
Sungai Anak Endau,Pahang,Pahang,Clean,Slightly Polluted,Slightly Polluted,Clean
Sungai Apas,Sabah,Sabah,Clean,Clean,Clean,Clean
Sungai Balingian,Sarawak,Sarawak,Clean,Slightly Polluted,Slightly Polluted,Slightly Polluted
Sungai Baluk,Pahang,Pahang,Slightly Polluted,Slightly Polluted,Slightly Polluted,Slightly Polluted
Sungai Balung,Sabah,Sabah,Slightly Polluted,Clean,Clean,Clean
Sungai Baram,Sarawak,Sarawak,Clean,Clean,Clean,Clean
Sungai Baram,Sarawak,Sarawak,Clean,Slightly Polluted,Slightly Polluted,Clean
Sungai Batu Pahat,Johor,Johor,Slightly Polluted,Slightly Polluted,Slightly Polluted,Slightly Polluted
Sungai Bayan Lepas,Pulau Pinang,Pulau Pinang,Slightly Polluted,Slightly Polluted,Slightly Polluted,Slightly Polluted
Sungai Bebar,Pahang,Pahang,Slightly Polluted,Slightly Polluted,Slightly Polluted,Slightly Polluted
Sungai Bengkoka,Sabah,Sabah,Clean,Clean,Clean,Clean
Sungai Benut,Johor,Johor,Slightly Polluted,Slightly Polluted,Slightly Polluted,Slightly Polluted
Sungai Bernam,Perak,Perak,Clean,Clean,Clean,Clean
Sungai Bertam,Pahang,Pahang,Slightly Polluted,Slightly Polluted,Slightly Polluted,Slightly Polluted
Sungai Beruas,Perak,Perak,Clean,Clean,Clean,Clean
Sungai Besut,Terengganu,Terengganu,Clean,Clean,Clean,Clean
Sungai Bingkongan,Sabah,Sabah,Clean,Clean,Clean,Clean
Sungai Bongawan,Sabah,Sabah,Slightly Polluted,Slightly Polluted,Clean,Slightly Polluted
Sungai Brantian,Sabah,Sabah,Clean,Clean,Clean,Clean
Sungai Buloh,Selangor,Selangor,Slightly Polluted,Slightly Polluted,Polluted,Slightly Polluted
Sungai Cherating,Pahang,Pahang,Slightly Polluted,Clean,Clean,Clean
Sungai Chukai,Terengganu,Terengganu,Slightly Polluted,Slightly Polluted,Slightly Polluted,Slightly Polluted
Sungai Danga,Johor,Johor,Polluted,Polluted,Polluted,Polluted
Sungai Dungun,Terengganu,Terengganu,Clean,Clean,Clean,Clean
Sungai Duyong,Melaka,Melaka,Slightly Polluted,Slightly Polluted,Slightly Polluted,Slightly Polluted
Sungai Endau,Johor,Johor,Clean,Clean,Clean,Clean
Sungai Endau,Pahang,Pahang,Clean,Clean,Clean,Clean
Sungai Golok,Kelantan,Kelantan,Clean,Clean,Clean,Clean
Sungai Ibai,Terengganu,Terengganu,Slightly Polluted,Slightly Polluted,Slightly Polluted,Slightly Polluted
Sungai Jawi,Pulau Pinang,Pulau Pinang,Polluted,Polluted,Polluted,Polluted
Sungai Jemaluang,Johor,Johor,Slightly Polluted,Slightly Polluted,Slightly Polluted,Slightly Polluted
Sungai Johor,Johor,Johor,Slightly Polluted,Clean,Clean,Clean
Sungai Juru,Pulau Pinang,Pulau Pinang,Slightly Polluted,Polluted,Polluted,Polluted
Sungai Kalabakan,Sabah,Sabah,Slightly Polluted,Slightly Polluted,Clean,Slightly Polluted
Sungai Kalumpang,Sabah,Sabah,Slightly Polluted,Clean,Slightly Polluted,Slightly Polluted
Sungai Kayan,Sarawak,Sarawak,Clean,Slightly Polluted,Slightly Polluted,Clean
Sungai Kedah,Kedah,Kedah,Slightly Polluted,Slightly Polluted,Slightly Polluted,Slightly Polluted
Sungai Kedamaian,Sabah,Sabah,Clean,Clean,Clean,Clean
Sungai Kelantan,Kelantan,Kelantan,Clean,Slightly Polluted,Slightly Polluted,Clean
Sungai Kelantan,Kelantan,Kelantan,Clean,Clean,Clean,Clean
Sungai Kemaman,Terengganu,Terengganu,Clean,Clean,Clean,Clean
Sungai Kemasin,Kelantan,Kelantan,Clean,Slightly Polluted,Slightly Polluted,Slightly Polluted
Sungai Kemena,Sarawak,Sarawak,Clean,Slightly Polluted,Slightly Polluted,Slightly Polluted
Sungai Kempas,Johor,Johor,Polluted,Polluted,Polluted,Polluted
Sungai Kerian,Pulau Pinang,Pulau Pinang,Clean,Slightly Polluted,Slightly Polluted,Clean
Sungai Kerian,Pulau Pinang,Pulau Pinang,Clean,Clean,Clean,Clean
Sungai Kerian,Kedah,Kedah,Clean,Slightly Polluted,Slightly Polluted,Clean
Sungai Kerian,Kedah,Kedah,Clean,Clean,Clean,Clean
Sungai Kerian,Sarawak,Sarawak,Clean,Slightly Polluted,Slightly Polluted,Clean
Sungai Kerian,Sarawak,Sarawak,Clean,Clean,Clean,Clean
Sungai Kertih,Terengganu,Terengganu,Clean,Slightly Polluted,Slightly Polluted,Slightly Polluted
Sungai Kesang,Melaka,Melaka,Slightly Polluted,Slightly Polluted,Slightly Polluted,Slightly Polluted
Sungai Kim-Kim,Johor,Johor,Slightly Polluted,Polluted,Polluted,Slightly Polluted
Sungai Kimanis,Sabah,Sabah,Slightly Polluted,Slightly Polluted,Slightly Polluted,Slightly Polluted
Sungai Kinabatangan,Sabah,Sabah,Slightly Polluted,Clean,Clean,Clean
Sungai Kisap,Kedah,Kedah,Clean,Clean,Clean,Clean
Sungai Klang,Kuala Lumpur,Kuala Lumpur,Slightly Polluted,Slightly Polluted,Polluted,Slightly Polluted
Sungai Klang,Selangor,Selangor,Slightly Polluted,Slightly Polluted,Polluted,Slightly Polluted
Sungai Kluang,Pulau Pinang,Pulau Pinang,Slightly Polluted,Slightly Polluted,Slightly Polluted,Slightly Polluted
Sungai Kluang,Terengganu,Terengganu,Slightly Polluted,Slightly Polluted,Slightly Polluted,Slightly Polluted
Sungai Kuantan,Pahang,Pahang,Clean,Slightly Polluted,Slightly Polluted,Clean
Sungai Kurau,Perak,Perak,Clean,Slightly Polluted,Slightly Polluted,Slightly Polluted
Sungai Labuk,Sabah,Sabah,Clean,Clean,Clean,Clean
Sungai Lakutan,Sabah,Sabah,Clean,Clean,Clean,Clean
Sungai Langat,Negeri Sembilan,Negeri Sembilan,Clean,Clean,Clean,Clean
Sungai Langat,Negeri Sembilan,Negeri Sembilan,Slightly Polluted,Slightly Polluted,Slightly Polluted,Slightly Polluted
Sungai Langat,Selangor,Selangor,Clean,Clean,Clean,Clean
Sungai Langat,Selangor,Selangor,Slightly Polluted,Slightly Polluted,Slightly Polluted,Slightly Polluted
Sungai Lawas,Sarawak,Sarawak,Clean,Clean,Clean,Clean
Sungai Layar,Sarawak,Sarawak,Clean,Slightly Polluted,Slightly Polluted,Clean
Sungai Layar,Sarawak,Sarawak,Clean,Clean,Clean,Clean
Sungai Likas,Sabah,Sabah,Slightly Polluted,Slightly Polluted,Slightly Polluted,Slightly Polluted
Sungai Limbang,Sarawak,Sarawak,Slightly Polluted,Clean,Clean,Clean
Sungai Linggi,Melaka,Melaka,Slightly Polluted,Slightly Polluted,Slightly Polluted,Slightly Polluted
Sungai Linggi,Negeri Sembilan,Negeri Sembilan,Slightly Polluted,Slightly Polluted,Slightly Polluted,Slightly Polluted
Sungai Lingkungan,Sabah,Sabah,Clean,Clean,Clean,Clean
Sungai Lupar,Sarawak,Sarawak,Clean,Clean,Slightly Polluted,Clean
Sungai Marang,Terengganu,Terengganu,Slightly Polluted,Slightly Polluted,Slightly Polluted,Slightly Polluted
Sungai Melaka,Negeri Sembilan,Negeri Sembilan,Slightly Polluted,Slightly Polluted,Slightly Polluted,Slightly Polluted
Sungai Melaka,Melaka,Melaka,Slightly Polluted,Slightly Polluted,Slightly Polluted,Slightly Polluted
Sungai Membakut,Sabah,Sabah,Slightly Polluted,Slightly Polluted,Slightly Polluted,Slightly Polluted
Sungai Menggalong,Sabah,Sabah,Clean,Clean,Clean,Clean
Sungai Merang,Terengganu,Terengganu,Slightly Polluted,Slightly Polluted,Slightly Polluted,Slightly Polluted
Sungai Merbok,Kedah,Kedah,Slightly Polluted,Slightly Polluted,Slightly Polluted,Slightly Polluted
Sungai Merchang,Terengganu,Terengganu,Slightly Polluted,Slightly Polluted,Slightly Polluted,Slightly Polluted
Sungai Merchong,Pahang,Pahang,Clean,Clean,Slightly Polluted,Slightly Polluted
Sungai Merlimau,Melaka,Melaka,Slightly Polluted,Polluted,Polluted,Polluted
Sungai Merotai,Sabah,Sabah,Clean,Clean,Clean,Clean
Sungai Mersing,Johor,Johor,Slightly Polluted,Slightly Polluted,Slightly Polluted,Slightly Polluted
Sungai Miri,Sarawak,Sarawak,Slightly Polluted,Slightly Polluted,Slightly Polluted,Slightly Polluted
Sungai Mounad,Sabah,Sabah,Clean,Clean,Clean,Clean
Sungai Moyog,Sabah,Sabah,Clean,Clean,Clean,Clean
Sungai Muar,Johor,Johor,Clean,Clean,Slightly Polluted,Clean
Sungai Muda,Kedah,Kedah,Clean,Clean,Clean,Clean
Sungai Mukah,Sarawak,Sarawak,Clean,Slightly Polluted,Slightly Polluted,Slightly Polluted
Sungai Niah,Sarawak,Sarawak,Clean,Clean,Slightly Polluted,Clean
Sungai Oya,Sarawak,Sarawak,Clean,Slightly Polluted,Slightly Polluted,Slightly Polluted
Sungai Padas,Sabah,Sabah,Slightly Polluted,Slightly Polluted,Clean,Slightly Polluted
Sungai Pahang,Pahang,Pahang,Clean,Clean,Clean,Clean
Sungai Paitan,Sabah,Sabah,Slightly Polluted,Slightly Polluted,Clean,Slightly Polluted
Sungai Paka,Terengganu,Terengganu,Clean,Slightly Polluted,Slightly Polluted,Clean
Sungai Paloi,Johor,Johor,Slightly Polluted,Clean,Slightly Polluted,Slightly Polluted
Sungai Papar,Sabah,Sabah,Clean,Clean,Clean,Clean
Sungai Pengkalan Chepa,Kelantan,Kelantan,Slightly Polluted,Slightly Polluted,Slightly Polluted,Slightly Polluted
Sungai Pengkalan Datu,Kelantan,Kelantan,Slightly Polluted,Slightly Polluted,Slightly Polluted,Slightly Polluted
Sungai Perai,Pulau Pinang,Pulau Pinang,Slightly Polluted,Polluted,Polluted,Polluted
Sungai Perai,Kedah,Kedah,Slightly Polluted,Polluted,Polluted,Polluted
Sungai Perak,Perak,Perak,Clean,Clean,Clean,Clean
Sungai Perlis,Perlis,Perlis,Slightly Polluted,Slightly Polluted,Slightly Polluted,Slightly Polluted
Sungai Pinang,Pulau Pinang,Pulau Pinang,Polluted,Polluted,Polluted,Polluted
Sungai Pontian,Johor,Johor,Slightly Polluted,Slightly Polluted,Polluted,Slightly Polluted
Sungai Pontian,Johor,Johor,Slightly Polluted,Clean,Clean,Clean
Sungai Pontian Kecil,Johor,Johor,Slightly Polluted,Slightly Polluted,Slightly Polluted,Slightly Polluted
Sungai Pulai,Johor,Johor,Slightly Polluted,Slightly Polluted,Slightly Polluted,Slightly Polluted
Sungai Raja Hitam,Perak,Perak,Slightly Polluted,Slightly Polluted,Polluted,Polluted
Sungai Rajang,Sarawak,Sarawak,Clean,Slightly Polluted,Slightly Polluted,Slightly Polluted
Sungai Rambah,Johor,Johor,Slightly Polluted,Slightly Polluted,Slightly Polluted,Slightly Polluted
Sungai Rompin,Pahang,Pahang,Clean,Slightly Polluted,Slightly Polluted,Clean
Sungai Sadong,Sarawak,Sarawak,Clean,Clean,Slightly Polluted,Clean
Sungai Sanglang,Johor,Johor,Polluted,Polluted,Polluted,Polluted
Sungai Sapi,Sabah,Sabah,Slightly Polluted,Slightly Polluted,Clean,Slightly Polluted
Sungai Sarawak,Sarawak,Sarawak,Clean,Slightly Polluted,Clean,Clean
Sungai Sedili Besar,Johor,Johor,Slightly Polluted,Slightly Polluted,Slightly Polluted,Slightly Polluted
Sungai Sedili Kecil,Johor,Johor,Clean,Slightly Polluted,Slightly Polluted,Slightly Polluted
Sungai Segaliud,Sabah,Sabah,Slightly Polluted,Slightly Polluted,Clean,Slightly Polluted
Sungai Segama,Sabah,Sabah,Clean,Clean,Clean,Clean
Sungai Segget,Johor,Johor,Polluted,Polluted,Polluted,Polluted
Sungai Selangor,Selangor,Selangor,Slightly Polluted,Clean,Slightly Polluted,Clean
Sungai Sembulan,Sabah,Sabah,Slightly Polluted,Slightly Polluted,Slightly Polluted,Slightly Polluted
Sungai Semunsam,Sarawak,Sarawak,Clean,Clean,Clean,Clean
Sungai Sepang,Selangor,Selangor,Slightly Polluted,Clean,Slightly Polluted,Slightly Polluted
Sungai Sepetang,Perak,Perak,Clean,Clean,Clean,Clean
Sungai Sepetang,Perak,Perak,Slightly Polluted,Slightly Polluted,Slightly Polluted,Slightly Polluted
Sungai Seri Melaka,Melaka,Melaka,Polluted,Polluted,Polluted,Polluted
Sungai Setiu,Terengganu,Terengganu,Clean,Clean,Clean,Clean
Sungai Sibuti,Sarawak,Sarawak,Clean,Clean,Slightly Polluted,Clean
Sungai Silabukan,Sabah,Sabah,Clean,Clean,Clean,Clean
Sungai Similajau,Sarawak,Sarawak,Clean,Slightly Polluted,Slightly Polluted,Slightly Polluted
Sungai Skudai,Johor,Johor,Slightly Polluted,Polluted,Polluted,Slightly Polluted
Sungai Suai,Sarawak,Sarawak,Clean,Slightly Polluted,Slightly Polluted,Slightly Polluted
Sungai Sugut,Sabah,Sabah,Clean,Clean,Clean,Clean
Sungai Tatau,Sarawak,Sarawak,Clean,Clean,Slightly Polluted,Clean
Sungai Tawau,Sabah,Sabah,Clean,Clean,Clean,Clean
Sungai Tebrau,Johor,Johor,Slightly Polluted,Polluted,Polluted,Polluted
Sungai Telipok,Sabah,Sabah,Slightly Polluted,Clean,Slightly Polluted,Slightly Polluted
Sungai Tenghilan,Sabah,Sabah,Slightly Polluted,Clean,Clean,Clean
Sungai Tengi,Selangor,Selangor,Slightly Polluted,Slightly Polluted,Slightly Polluted,Slightly Polluted
Sungai Terengganu,Terengganu,Terengganu,Clean,Clean,Clean,Clean
Sungai Tingkayu,Sabah,Sabah,Slightly Polluted,Clean,Clean,Clean
Sungai Tonggok,Pahang,Pahang,Slightly Polluted,Slightly Polluted,Slightly Polluted,Slightly Polluted
Sungai Trusan,Sarawak,Sarawak,Slightly Polluted,Clean,Clean,Clean
Sungai Tuaran,Sabah,Sabah,Clean,Clean,Clean,Clean
Sungai Tungku,Sabah,Sabah,Clean,Clean,Clean,Clean
Sungai Umas-Umas,Sabah,Sabah,Clean,Slightly Polluted,Slightly Polluted,Slightly Polluted
Sungai Wangi,Perak,Perak,Clean,Slightly Polluted,Polluted,Slightly Polluted
Perlis,Sungai Perlis,Sungai Wang Kelian,Clean,Clean,Clean,Clean
Perlis,Sungai Perlis,Sungai Pelarit,Clean,Clean,Clean,Clean
Perlis,Sungai Perlis,Sungai Jarum,Slightly Polluted,Clean,Clean,Clean
Perlis,Sungai Perlis,Sungai Bukit Jernih,Clean,Clean,Clean,Clean
Kedah,Sungai Kisap,Sungai Kisap,Clean,Clean,Clean,Clean
Kedah,Sungai Kisap,Sungai Petang,Clean,Clean,Clean,Clean
Kedah,Sungai Kedah,Sungai Janing,Clean,Clean,Clean,Clean
Kedah,Sungai Kedah,Sungai Pedu,Clean,Clean,Clean,Clean
Kedah,Sungai Kedah,Sungai Padang Terap,Clean,Clean,Clean,Clean
Kedah,Sungai Merbok,Sungai Tupah,Clean,Clean,Clean,Clean
Kedah,Sungai Merbok,Sungai Tok Pawang,Clean,Clean,Slightly Polluted,Clean
Kedah,Sungai Muda,Sungai Chepir,Clean,Clean,Clean,Clean
Kedah,Sungai Muda,Sungai Ketil,Clean,Clean,Clean,Clean
Kedah,Sungai Muda,Sungai Karangan,Clean,Clean,Clean,Clean
Kedah,Sungai Muda,Sungai Muda,Clean,Clean,Clean,Clean
Kedah,Sungai Muda,Sungai Sedim,Clean,Slightly Polluted,Slightly Polluted,Clean
Kedah,Sungai Muda,Sungai Pegang,Clean,Slightly Polluted,Slightly Polluted,Clean
Pulau Pinang,Sungai Jawi,Sungai Junjong,Clean,Clean,Slightly Polluted,Clean
Pulau Pinang,Sungai Pinang,Sungai Air Terjun,Clean,Clean,Clean,Clean
Pulau Pinang,Sungai Kluang,Sungai Ara,Clean,Clean,Slightly Polluted,Clean
Pulau Pinang,Sungai Kerian,Sungai Kechil,Clean,Clean,Clean,Clean
Kedah,Sungai Kerian,Sungai Kerian,Clean,Clean,Clean,Clean
Perak,Sungai Beruas,Sungai Rotan,Clean,Clean,Clean,Clean
Perak,Sungai Beruas,Sungai Dandang,Clean,Clean,Clean,Clean
Perak,Sungai Beruas,Sungai Beruas,Clean,Clean,Clean,Clean
Perak,Sungai Kurau,Sungai Ara,Clean,Clean,Clean,Clean
Perak,Sungai Perak,Sungai Chepor,Clean,Clean,Clean,Clean
Perak,Sungai Perak,Sungai Kinjang,Clean,Clean,Clean,Clean
Perak,Sungai Perak,Sungai Chenderiang,Clean,Clean,Clean,Clean
Perak,Sungai Perak,Sungai Kuang,Clean,Slightly Polluted,Clean,Clean
Perak,Sungai Perak,Sungai Klah,Clean,Clean,Clean,Clean
Perak,Sungai Perak,Sungai Sungkai,Clean,Clean,Clean,Clean
Perak,Sungai Perak,Sungai Bidor,Clean,Clean,Clean,Clean
Perak,Sungai Perak,Sungai Kampar,Clean,Clean,Clean,Clean
Perak,Sungai Perak,Sungai Batang Padang,Clean,Clean,Clean,Clean
Perak,Sungai Perak,Sungai Kangsar,Clean,Slightly Polluted,Clean,Slightly Polluted
Perak,Sungai Perak,Sungai Perak,Clean,Clean,Clean,Clean
Perak,Sungai Perak,Sungai Raya,Clean,Clean,Clean,Clean
Perak,Sungai Raja Hitam,Sungai Nyior,Clean,Clean,Clean,Clean
Perak,Sungai Sepetang,Sungai Jana,Clean,Clean,Clean,Clean
Perak,Sungai Sepetang,Sungai Sepetang,Clean,Clean,Clean,Clean
Perak,Sungai Sepetang,Sungai Temerloh,Clean,Clean,Clean,Clean
Perak,Sungai Sepetang,Sungai Air Putih,Clean,Clean,Clean,Clean
Perak,Sungai Sepetang,Sungai Larut,Clean,Clean,Clean,Clean
Perak,Sungai Bernam,Sungai Inki,Clean,Clean,Clean,Clean
Perak,Sungai Bernam,Sungai Trolak,Clean,Clean,Clean,Clean
Perak,Sungai Bernam,Sungai Slim,Clean,Clean,Clean,Clean
Perak,Sungai Bernam,Sungai Bernam,Clean,Clean,Clean,Clean
Selangor,Sungai Selangor,Sungai Kerling,Clean,Clean,Clean,Clean
Selangor,Sungai Selangor,Sungai Kanching,Clean,Clean,Clean,Clean
Selangor,Sungai Selangor,Sungai Serendah,Clean,Clean,Clean,Clean
Selangor,Sungai Selangor,Sungai Batang Kali,Clean,Clean,Clean,Clean
Selangor,Sungai Selangor,Sungai Selangor,Slightly Polluted,Clean,Slightly Polluted,Clean
Selangor,Sungai Sepang,Sungai Sepang,Slightly Polluted,Clean,Slightly Polluted,Slightly Polluted
Selangor,Sungai Klang,Sungai Penchala,Clean,Clean,Clean,Clean
Selangor,Sungai Langat,Sungai Lui,Clean,Clean,Clean,Clean
Selangor,Sungai Langat,Sungai Langat,Clean,Clean,Clean,Clean
Negeri Sembilan,Sungai Melaka,Sungai Tampin,Clean,Clean,Clean,Clean
Melaka,Sungai Melaka,Sungai Batang Melaka,Clean,Clean,Clean,Clean
Melaka,Sungai Melaka,Sungai Dusun,Clean,Slightly Polluted,Clean,Clean
Negeri Sembilan,Sungai Melaka,Sungai Kemunting,Clean,Clean,Clean,Clean
Negeri Sembilan,Sungai Linggi,Sungai Batang Penar,Clean,Clean,Clean,Clean
Negeri Sembilan,Sungai Linggi,Sungai Pedas,Clean,Clean,Clean,Clean
Negeri Sembilan,Sungai Linggi,Sungai Kundur Besar,Clean,Clean,Clean,Clean
Negeri Sembilan,Sungai Linggi,Sungai Rembau,Clean,Clean,Clean,Clean
Melaka,Sungai Linggi,Sungai Siput,Clean,Clean,Slightly Polluted,Clean
Negeri Sembilan,Sungai Linggi,Sungai Chembong,Slightly Polluted,Clean,Clean,Slightly Polluted
Melaka,Sungai Kesang,Sungai Chohong,Clean,Clean,Clean,Clean
Melaka,Sungai Duyong,Sungai Gapam,Clean,Clean,Clean,Clean
Johor,Sungai Batu Pahat,Sungai Bantang,Clean,Clean,Clean,Clean
Johor,Sungai Batu Pahat,Sungai Merek,Clean,Clean,Slightly Polluted,Clean
Johor,Sungai Batu Pahat,Sungai Chaah,Clean,Clean,Clean,Clean
Johor,Sungai Johor,Sungai Bukit Besar,Clean,Clean,Slightly Polluted,Clean
Johor,Sungai Johor,Sungai Pelepah,Clean,Clean,Clean,Clean
Johor,Sungai Johor,Sungai Telor,Clean,Clean,Clean,Clean
Johor,Sungai Johor,Sungai Layang,Clean,Clean,Clean,Clean
Johor,Sungai Johor,Sungai Remis,Clean,Clean,Clean,Clean
Johor,Sungai Johor,Sungai Semangar,Clean,Clean,Clean,Clean
Johor,Sungai Johor,Sungai Linggiu,Clean,Clean,Clean,Clean
Johor,Sungai Johor,Sungai Sayong,Clean,Clean,Clean,Clean
Johor,Sungai Johor,Sungai Johor,Slightly Polluted,Clean,Clean,Clean
Johor,Sungai Johor,Sungai Santi,Clean,Slightly Polluted,Clean,Clean
Johor,Sungai Johor,Sungai Layau,Clean,Clean,Clean,Clean
Johor,Sungai Johor,Sungai Belitong,Clean,Clean,Clean,Clean
Johor,Sungai Paloi,Sungai Paloi,Slightly Polluted,Clean,Slightly Polluted,Slightly Polluted
Johor,Sungai Sedili Besar,Sungai Ambat,Slightly Polluted,Clean,Slightly Polluted,Clean
Johor,Sungai Sedili Besar,Sungai Dohol,Clean,Clean,Clean,Clean
Johor,Sungai Sedili Besar,Sungai Temubor Kanan,Slightly Polluted,Clean,Slightly Polluted,Slightly Polluted
Johor,Sungai Muar,Sungai Air Panas,Clean,Clean,Clean,Clean
Johor,Sungai Muar,Sungai Juasseh,Clean,Clean,Clean,Clean
Johor,Sungai Muar,Sungai Muar,Clean,Clean,Slightly Polluted,Clean
Johor,Sungai Endau,Sungai Jasin,Clean,Clean,Clean,Clean
Johor,Sungai Endau,Sungai Tamok,Clean,Slightly Polluted,Clean,Clean
Johor,Sungai Endau,Sungai Selai,Clean,Clean,Clean,Clean
Johor,Sungai Endau,Sungai Endau,Clean,Clean,Clean,Clean
Johor,Sungai Endau,Sungai Kahang,Clean,Clean,Clean,Clean
Pahang,Sungai Pahang,Sungai Teranum,Clean,Clean,Clean,Clean
Pahang,Sungai Pahang,Sungai Teras,Clean,Clean,Clean,Clean
Pahang,Sungai Pahang,Sungai Benus,Clean,Clean,Clean,Clean
Pahang,Sungai Pahang,Sungai Kelau,Clean,Clean,Clean,Clean
Pahang,Sungai Pahang,Sungai Lipis,Clean,Clean,Clean,Clean
Pahang,Sungai Pahang,Sungai Telang,Clean,Clean,Clean,Clean
Pahang,Sungai Pahang,Sungai Tembeling,Clean,Clean,Clean,Clean
Pahang,Sungai Pahang,Sungai Perting,Clean,Clean,Clean,Clean
Pahang,Sungai Pahang,Sungai Tahan,Clean,Clean,Clean,Clean
Pahang,Sungai Pahang,Sungai Tanglir,Clean,Clean,Clean,Clean
Pahang,Sungai Pahang,Sungai Koyan,Clean,Clean,Clean,Clean
Pahang,Sungai Pahang,Sungai Lepar,Clean,Clean,Clean,Clean
Pahang,Sungai Pahang,Sungai Luit,Clean,Clean,Clean,Clean
Pahang,Sungai Pahang,Sungai Bentong,Clean,Clean,Clean,Clean
Pahang,Sungai Pahang,Sungai Maran,Clean,Clean,Clean,Clean
Pahang,Sungai Pahang,Sungai Semantan,Clean,Clean,Clean,Clean
Pahang,Sungai Pahang,Sungai Tekal,Clean,Clean,Clean,Clean
Pahang,Sungai Pahang,Sungai Jempul,Clean,Clean,Clean,Clean
Pahang,Sungai Pahang,Sungai Kertam,Clean,Clean,Clean,Clean
Pahang,Sungai Pahang,Sungai Kundang,Clean,Clean,Clean,Clean
Pahang,Sungai Pahang,Sungai T. Paya Bungor,Slightly Polluted,Clean,Clean,Clean
Pahang,Sungai Pahang,Sungai Triang,Clean,Clean,Clean,Clean
Pahang,Sungai Pahang,Sungai Jelai,Clean,Clean,Clean,Clean
Pahang,Sungai Pahang,Sungai Pahang,Clean,Clean,Clean,Clean
Pahang,Sungai Pahang,Sungai Teris,Clean,Clean,Clean,Clean
Pahang,Sungai Pahang,Sungai Berkapor,Clean,Clean,Clean,Clean
Pahang,Sungai Pahang,Sungai Chini,Slightly Polluted,Clean,Clean,Slightly Polluted
Pahang,Sungai Pahang,Sungai Tasik Chini,Slightly Polluted,Slightly Polluted,Clean,Clean
Pahang,Sungai Bertam,Sungai Burung,Clean,Clean,Clean,Clean
Pahang,Sungai Bertam,Sungai Habu,Clean,Clean,Clean,Clean
Pahang,Sungai Bertam,Sungai Tringkap,Clean,Clean,Clean,Clean
Pahang,Sungai Bertam,Sungai Lenggok,Slightly Polluted,Clean,Clean,Clean
Pahang,Sungai Bertam,Sungai Ringlet,Clean,Clean,Clean,Clean
Pahang,Sungai Bertam,Sungai Terla,Clean,Clean,Clean,Clean
Pahang,Sungai Bertam,Sungai Telom,Slightly Polluted,Clean,Clean,Slightly Polluted
Pahang,Sungai Cherating,Sungai Cherating,Slightly Polluted,Clean,Clean,Clean
Pahang,Sungai Kuantan,Sungai Kenau,Clean,Clean,Clean,Clean
Pahang,Sungai Kuantan,Sungai Pandan,Clean,Clean,Clean,Clean
Pahang,Sungai Merchong,Sungai Merchong,Clean,Clean,Slightly Polluted,Slightly Polluted
Pahang,Sungai Rompin,Sungai Pontian,Slightly Polluted,Clean,Clean,Clean
Pahang,Sungai Rompin,Sungai Pukin,Clean,Clean,Clean,Clean
Pahang,Sungai Rompin,Sungai Aur,Clean,Slightly Polluted,Clean,Clean
Pahang,Sungai Rompin,Sungai Keratong,Clean,Clean,Slightly Polluted,Clean
Terengganu,Sungai Besut,Sungai Besut,Clean,Clean,Clean,Clean
Terengganu,Sungai Dungun,Sungai Dungun,Clean,Clean,Clean,Clean
Terengganu,Sungai Kemaman,Sungai Cherul,Clean,Clean,Clean,Clean
Terengganu,Sungai Kemaman,Sungai Kemaman,Clean,Clean,Clean,Clean
Terengganu,Sungai Setiu,Sungai Setiu,Clean,Clean,Clean,Clean
Terengganu,Sungai Terengganu,Sungai Berang,Clean,Clean,Clean,Clean
Terengganu,Sungai Terengganu,Sungai Pueh,Clean,Clean,Clean,Clean
Terengganu,Sungai Terengganu,Sungai Telemong,Clean,Clean,Clean,Clean
Terengganu,Sungai Terengganu,Sungai Nerus,Clean,Clean,Clean,Clean
Terengganu,Sungai Terengganu,Sungai Terengganu,Clean,Clean,Clean,Clean
Kelantan,Sungai Golok,Sungai Golok,Clean,Clean,Clean,Clean
Kelantan,Sungai Golok,Sungai Lanas,Clean,Clean,Clean,Clean
Kelantan,Sungai Kelantan,Sungai Ber,Clean,Clean,Clean,Clean
Kelantan,Sungai Kelantan,Sungai Pergau,Clean,Clean,Clean,Clean
Kelantan,Sungai Kelantan,Sungai Tuang,Clean,Clean,Clean,Clean
Kelantan,Sungai Kelantan,Sungai Belatop,Clean,Clean,Clean,Clean
Kelantan,Sungai Kelantan,Sungai Betis,Clean,Clean,Clean,Clean
Kelantan,Sungai Kelantan,Sungai Berok,Clean,Clean,Clean,Clean
Kelantan,Sungai Kelantan,Sungai Galas,Clean,Clean,Clean,Clean
Kelantan,Sungai Kelantan,Sungai Kelantan,Clean,Clean,Clean,Clean
Kelantan,Sungai Kelantan,Sungai Lebir,Clean,Clean,Clean,Clean
Kelantan,Sungai Kelantan,Sungai Nal,Clean,Clean,Clean,Clean
Kelantan,Sungai Kelantan,Sungai Nenggiri,Clean,Clean,Clean,Clean
Kelantan,Sungai Kelantan,Sungai Relai,Clean,Clean,Clean,Clean
Kelantan,Sungai Kelantan,Sungai Sokor,Clean,Slightly Polluted,Clean,Clean
Kelantan,Sungai Kemasin,Sungai Semerak,Clean,Slightly Polluted,Clean,Clean
Sabah,Sungai Apas,Sungai Apas,Clean,Clean,Clean,Clean
Sabah,Sungai Balung,Sungai Balung,Slightly Polluted,Clean,Clean,Clean
Sabah,Sungai Bongawan,Sungai Bongawan,Slightly Polluted,Slightly Polluted,Clean,Slightly Polluted
Sabah,Sungai Bengkoka,Sungai Bengkoka,Clean,Clean,Clean,Clean
Sabah,Sungai Bingkongan,Sungai Menggaris,Clean,Clean,Clean,Clean
Sabah,Sungai Bingkongan,Sungai Bandau,Clean,Clean,Clean,Clean
Sabah,Sungai Bingkongan,Sungai Bingkongan,Clean,Clean,Clean,Clean
Sabah,Sungai Bingkongan,Sungai Tandek,Clean,Clean,Clean,Clean
Sabah,Sungai Kalabakan,Sungai Kalabakan,Slightly Polluted,Slightly Polluted,Clean,Slightly Polluted
Sabah,Sungai Brantian,Sungai Brantian,Clean,Clean,Clean,Clean
Sabah,Sungai Kalumpang,Sungai Kalumpang,Slightly Polluted,Clean,Slightly Polluted,Slightly Polluted
Sabah,Sungai Kedamaian,Sungai Kedamaian,Clean,Clean,Clean,Clean
Sabah,Sungai Kedamaian,Sungai Wariu,Clean,Clean,Clean,Clean
Sabah,Sungai Kedamaian,Sungai Tempasuk,Clean,Clean,Clean,Clean
Sabah,Sungai Kinabatangan,Sungai Koyah,Clean,Clean,Clean,Clean
Sabah,Sungai Kinabatangan,Sungai Karamuak,Clean,Clean,Clean,Clean
Sabah,Sungai Kinabatangan,Sungai Menanggul,Clean,Clean,Clean,Clean
Sabah,Sungai Kinabatangan,Sungai Kinabatangan,Slightly Polluted,Clean,Clean,Clean
Sabah,Sungai Labuk,Sungai Kinipir,Clean,Clean,Clean,Clean
Sabah,Sungai Labuk,Sungai Liwagu,Clean,Clean,Clean,Clean
Sabah,Sungai Labuk,Sungai Maliau,Clean,Clean,Clean,Clean
Sabah,Sungai Labuk,Sungai Labuk,Clean,Clean,Clean,Clean
Sabah,Sungai Labuk,Sungai Tungud,Slightly Polluted,Clean,Clean,Clean
Sabah,Sungai Lakutan,Sungai Lakutan,Clean,Clean,Clean,Clean
Sabah,Sungai Likas,Sungai Menggatal,Clean,Clean,Clean,Clean
Sabah,Sungai Lingkungan,Sungai Bukau,Slightly Polluted,Clean,Clean,Clean
Sabah,Sungai Lingkungan,Sungai Lingkungan,Clean,Clean,Clean,Clean
Sabah,Sungai Menggalong,Sungai Menggalong,Clean,Clean,Clean,Clean
Sabah,Sungai Merotai,Sungai Merotai,Clean,Clean,Clean,Clean
Sabah,Sungai Mounad,Sungai Mounad,Clean,Clean,Clean,Clean
Sabah,Sungai Moyog,Sungai Moyog,Clean,Clean,Clean,Clean
Sabah,Sungai Padas,Sungai Bunsit,Clean,Clean,Clean,Clean
Sabah,Sungai Padas,Sungai Liawan,Clean,Clean,Clean,Clean
Sabah,Sungai Padas,Sungai Padas,Slightly Polluted,Slightly Polluted,Clean,Slightly Polluted
Sabah,Sungai Padas,Sungai Pegalan,Clean,Clean,Clean,Clean
Sabah,Sungai Padas,Sungai Tandulu,Clean,Clean,Clean,Clean
Sabah,Sungai Paitan,Sungai Paitan,Slightly Polluted,Slightly Polluted,Clean,Slightly Polluted
Sabah,Sungai Papar,Sungai Papar,Clean,Clean,Clean,Clean
Sabah,Sungai Sapi,Sungai Sapi,Slightly Polluted,Slightly Polluted,Clean,Slightly Polluted
Sabah,Sungai Sapi,Sungai Sualong,Clean,Clean,Clean,Clean
Sabah,Sungai Segama,Sungai Segama,Clean,Clean,Clean,Clean
Sabah,Sungai Segaliud,Sungai Segaliud,Slightly Polluted,Slightly Polluted,Clean,Slightly Polluted
Sabah,Sungai Silabukan,Sungai Silabukan,Clean,Clean,Clean,Clean
Sabah,Sungai Sugut,Sungai Merali,Clean,Clean,Clean,Clean
Sabah,Sungai Sugut,Sungai Bongkud,Clean,Clean,Clean,Clean
Sabah,Sungai Sugut,Sungai Lohan,Clean,Clean,Clean,Clean
Sabah,Sungai Sugut,Sungai Sugut,Clean,Clean,Clean,Clean
Sabah,Sungai Tawau,Sungai Tawau,Clean,Clean,Clean,Clean
Sabah,Sungai Telipok,Sungai Telipok,Slightly Polluted,Clean,Slightly Polluted,Slightly Polluted
Sabah,Sungai Tenghilan,Sungai Tenghilan,Slightly Polluted,Clean,Clean,Clean
Sabah,Sungai Tingkayu,Sungai Tingkayu,Slightly Polluted,Clean,Clean,Clean
Sabah,Sungai Tuaran,Sungai Song Sai,Clean,Clean,Clean,Clean
Sabah,Sungai Tuaran,Sungai Tuaran,Clean,Clean,Clean,Clean
Sabah,Sungai Tuaran,Sungai Damit,Clean,Slightly Polluted,Clean,Clean
Sabah,Sungai Tungku,Sungai Tungku,Clean,Clean,Clean,Clean
Sarawak,Sungai Baram,Sungai Baram,Clean,Clean,Clean,Clean
Sarawak,Sungai Lawas,Sungai Lawas,Clean,Clean,Clean,Clean
Sarawak,Sungai Lupar,Sungai Ai,Clean,Clean,Clean,Clean
Sarawak,Sungai Lupar,Sungai Seterap,Clean,Clean,Slightly Polluted,Clean
Sarawak,Sungai Lupar,Sungai Lupar,Clean,Clean,Slightly Polluted,Clean
Sarawak,Sungai Miri,Sungai Padang Liku,Clean,Clean,Clean,Clean
Sarawak,Sungai Niah,Sungai Niah,Clean,Clean,Slightly Polluted,Clean
Sarawak,Sungai Rajang,Sungai Bintangor,Clean,Clean,Clean,Clean
Sarawak,Sungai Rajang,Sungai Julau,Clean,Slightly Polluted,Clean,Clean
Sarawak,Sungai Rajang,Sungai Kanowit,Clean,Clean,Clean,Clean
Sarawak,Sungai Rajang,Sungai Sarikei,Clean,Clean,Slightly Polluted,Clean
Sarawak,Sungai Sadong,Sungai Sadong,Clean,Clean,Slightly Polluted,Clean
Sarawak,Sungai Sadong,Sungai Karangan,Slightly Polluted,Clean,Slightly Polluted,Slightly Polluted
Sarawak,Sungai Sarawak,Sungai Semadang,Clean,Clean,Clean,Clean
Sarawak,Sungai Sarawak,Sungai Samarahan,Clean,Clean,Slightly Polluted,Clean
Sarawak,Sungai Sarawak,Sungai Sarawak,Clean,Slightly Polluted,Clean,Clean
Sarawak,Sungai Sarawak,Sungai Sarawak Kanan,Clean,Clean,Clean,Clean
Sarawak,Sungai Layar,Sungai Layar,Clean,Clean,Clean,Clean
Sarawak,Sungai Semunsam,Sungai Semunsam,Clean,Clean,Clean,Clean
Sarawak,Sungai Sibuti,Sungai Sibuti,Clean,Clean,Slightly Polluted,Clean
Sarawak,Sungai Sibuti,Sungai Satap,Clean,Clean,Slightly Polluted,Clean
Sarawak,Sungai Tatau,Sungai Tatau,Clean,Clean,Slightly Polluted,Clean
Sarawak,Sungai Trusan,Sungai Trusan,Slightly Polluted,Clean,Clean,Clean
Sarawak,Sungai Limbang,Sungai Limbang,Slightly Polluted,Clean,Clean,Clean
Perlis,Sungai Perlis,Sungai Ngulang,Clean,Slightly Polluted,Slightly Polluted,Slightly Polluted
Perlis,Sungai Perlis,Sungai Perlis,Slightly Polluted,Slightly Polluted,Slightly Polluted,Slightly Polluted
Kedah,Sungai Kedah,Sungai Tekai,Clean,Slightly Polluted,Slightly Polluted,Clean
Kedah,Sungai Kedah,Sungai Pendang,Slightly Polluted,Slightly Polluted,Slightly Polluted,Slightly Polluted
Kedah,Sungai Kedah,Sungai Kedah,Slightly Polluted,Slightly Polluted,Slightly Polluted,Slightly Polluted
Kedah,Sungai Merbok,Sungai Merbok,Slightly Polluted,Slightly Polluted,Slightly Polluted,Slightly Polluted
Kedah,Sungai Merbok,Sungai Petani,Polluted,Polluted,Polluted,Polluted
Kedah,Sungai Merbok,Sungai Bongkok,Slightly Polluted,Slightly Polluted,Slightly Polluted,Slightly Polluted
Kedah,Sungai Merbok,Sungai Jerong,Slightly Polluted,Slightly Polluted,Slightly Polluted,Slightly Polluted
Pulau Pinang,Sungai Bayan Lepas,Sungai Tiram,Slightly Polluted,Slightly Polluted,Slightly Polluted,Slightly Polluted
Pulau Pinang,Sungai Bayan Lepas,Sungai Bayan Lepas,Slightly Polluted,Slightly Polluted,Slightly Polluted,Slightly Polluted
Pulau Pinang,Sungai Jawi,Sungai Machang Bubok,Slightly Polluted,Slightly Polluted,Slightly Polluted,Slightly Polluted
Pulau Pinang,Sungai Juru,Sungai Kilang Ubi,Slightly Polluted,Slightly Polluted,Slightly Polluted,Slightly Polluted
Pulau Pinang,Sungai Juru,Sungai Pasir,Slightly Polluted,Slightly Polluted,Slightly Polluted,Slightly Polluted
Pulau Pinang,Sungai Kluang,Sungai Relau,Slightly Polluted,Slightly Polluted,Slightly Polluted,Slightly Polluted
Pulau Pinang,Sungai Pinang,Sungai Dondang,Slightly Polluted,Slightly Polluted,Slightly Polluted,Slightly Polluted
Pulau Pinang,Sungai Pinang,Sungai Air Itam,Slightly Polluted,Slightly Polluted,Slightly Polluted,Slightly Polluted
Pulau Pinang,Sungai Perai,Sungai Kulim,Clean,Slightly Polluted,Slightly Polluted,Slightly Polluted
Pulau Pinang,Sungai Perai,Sungai Jarak,Slightly Polluted,Slightly Polluted,Slightly Polluted,Slightly Polluted
Kedah,Sungai Perai,Sungai Keladi,Clean,Slightly Polluted,Slightly Polluted,Slightly Polluted
Kedah,Sungai Kerian,Sungai Selama,Clean,Slightly Polluted,Slightly Polluted,Slightly Polluted
Perak,Sungai Kurau,Sungai Kurau,Clean,Slightly Polluted,Slightly Polluted,Slightly Polluted
Perak,Sungai Kurau,Sungai Kerdah,Clean,Slightly Polluted,Slightly Polluted,Slightly Polluted
Perak,Sungai Kurau,Sungai Kinta,Clean,Slightly Polluted,Slightly Polluted,Slightly Polluted
Perak,Sungai Kurau,Sungai Kepayang,Slightly Polluted,Slightly Polluted,Slightly Polluted,Slightly Polluted
Perak,Sungai Kurau,Sungai Pelus,Slightly Polluted,Slightly Polluted,Slightly Polluted,Slightly Polluted
Perak,Sungai Kurau,Sungai Pinji,Slightly Polluted,Slightly Polluted,Slightly Polluted,Slightly Polluted
Perak,Sungai Kurau,Sungai Seluang,Slightly Polluted,Slightly Polluted,Slightly Polluted,Slightly Polluted
Perak,Sungai Kurau,Sungai Tumboh,Slightly Polluted,Slightly Polluted,Slightly Polluted,Slightly Polluted
Perak,Sungai Kurau,Sungai Pari,Slightly Polluted,Slightly Polluted,Slightly Polluted,Slightly Polluted
Perak,Sungai Kurau,Sungai Serokai,Slightly Polluted,Slightly Polluted,Polluted,Slightly Polluted
Perak,Sungai Raja Hitam,Sungai Manjong,Slightly Polluted,Slightly Polluted,Slightly Polluted,Slightly Polluted
Perak,Sungai Raja Hitam,Sungai Raja Hitam,Slightly Polluted,Slightly Polluted,Polluted,Polluted
Perak,Sungai Sepetang,Sungai Sepetang,Slightly Polluted,Slightly Polluted,Slightly Polluted,Slightly Polluted
Perak,Sungai Wangi,Sungai Deralik,Slightly Polluted,Slightly Polluted,Slightly Polluted,Slightly Polluted
Perak,Sungai Wangi,Sungai Wangi,Clean,Slightly Polluted,Polluted,Slightly Polluted
Selangor,Sungai Selangor,Sungai Sembah,Slightly Polluted,Slightly Polluted,Slightly Polluted,Slightly Polluted
Selangor,Sungai Tengi,Sungai Tengi,Slightly Polluted,Slightly Polluted,Slightly Polluted,Slightly Polluted
Selangor,Sungai Buloh,Sungai Buloh,Slightly Polluted,Slightly Polluted,Polluted,Slightly Polluted
Negeri Sembilan,Sungai Langat,Sungai Jijan,Clean,Slightly Polluted,Slightly Polluted,Slightly Polluted
Selangor,Sungai Langat,Sungai Semenyih,Clean,Slightly Polluted,Slightly Polluted,Slightly Polluted
Selangor,Sungai Langat,Sungai Anak Chuau,Slightly Polluted,Slightly Polluted,Slightly Polluted,Slightly Polluted
Negeri Sembilan,Sungai Langat,Sungai Pajam,Slightly Polluted,Slightly Polluted,Slightly Polluted,Slightly Polluted
Negeri Sembilan,Sungai Langat,Sungai Batang Nilai,Slightly Polluted,Slightly Polluted,Slightly Polluted,Slightly Polluted
Selangor,Sungai Langat,Sungai Langat,Slightly Polluted,Slightly Polluted,Slightly Polluted,Slightly Polluted
Kuala Lumpur,Sungai Klang,Sungai Semelah,Clean,Slightly Polluted,Slightly Polluted,Clean
Kuala Lumpur,Sungai Klang,Sungai Batu,Clean,Slightly Polluted,Slightly Polluted,Slightly Polluted
Kuala Lumpur,Sungai Klang,Sungai Anak Air Batu,Slightly Polluted,Slightly Polluted,Slightly Polluted,Slightly Polluted
Kuala Lumpur,Sungai Klang,Sungai Keroh,Slightly Polluted,Slightly Polluted,Slightly Polluted,Slightly Polluted
Kuala Lumpur,Sungai Klang,Sungai Gombak,Slightly Polluted,Slightly Polluted,Slightly Polluted,Slightly Polluted
Selangor,Sungai Klang,Sungai Rasau,Slightly Polluted,Slightly Polluted,Slightly Polluted,Slightly Polluted
Selangor,Sungai Klang,Sungai Damansara,Slightly Polluted,Slightly Polluted,Slightly Polluted,Slightly Polluted
Selangor,Sungai Klang,Sungai Ampang,Slightly Polluted,Slightly Polluted,Slightly Polluted,Slightly Polluted
Kuala Lumpur,Sungai Klang,Sungai Jinjang,Slightly Polluted,Slightly Polluted,Slightly Polluted,Slightly Polluted
Kuala Lumpur,Sungai Klang,Sungai Klang,Slightly Polluted,Slightly Polluted,Polluted,Slightly Polluted
Kuala Lumpur,Sungai Klang,Sungai Toba,Polluted,Slightly Polluted,Slightly Polluted,Slightly Polluted
Kuala Lumpur,Sungai Klang,Sungai Gombak,Polluted,Slightly Polluted,Polluted,Slightly Polluted
Melaka,Sungai Kesang,Sungai Kesang,Slightly Polluted,Slightly Polluted,Slightly Polluted,Slightly Polluted
Melaka,Sungai Duyong,Sungai Duyong,Slightly Polluted,Slightly Polluted,Slightly Polluted,Slightly Polluted
Melaka,Sungai Merlimau,Sungai Merlimau,Slightly Polluted,Polluted,Polluted,Polluted
Melaka,Sungai Merlimau,Sungai Rembia,Slightly Polluted,Polluted,Slightly Polluted,Slightly Polluted
Melaka,Sungai Merlimau,Sungai Durian Tunggal,Slightly Polluted,Slightly Polluted,Slightly Polluted,Slightly Polluted
Melaka,Sungai Merlimau,Sungai Melaka,Slightly Polluted,Slightly Polluted,Slightly Polluted,Slightly Polluted
Negeri Sembilan,Sungai Linggi,Sungai Kepayong,Slightly Polluted,Slightly Polluted,Slightly Polluted,Slightly Polluted
Negeri Sembilan,Sungai Linggi,Sungai Simin,Slightly Polluted,Slightly Polluted,Slightly Polluted,Slightly Polluted
Negeri Sembilan,Sungai Linggi,Sungai Linggi,Slightly Polluted,Slightly Polluted,Slightly Polluted,Slightly Polluted
Johor,Sungai Batu Pahat,Sungai Lenik,Clean,Slightly Polluted,Slightly Polluted,Slightly Polluted
Johor,Sungai Batu Pahat,Sungai Semberong,Polluted,Slightly Polluted,Polluted,Slightly Polluted
Johor,Sungai Batu Pahat,Sungai Amran,Slightly Polluted,Slightly Polluted,Slightly Polluted,Slightly Polluted
Johor,Sungai Batu Pahat,Sungai Bekok,Slightly Polluted,Slightly Polluted,Slightly Polluted,Slightly Polluted
Johor,Sungai Batu Pahat,Sungai Berlian,Slightly Polluted,Slightly Polluted,Slightly Polluted,Slightly Polluted
Johor,Sungai Batu Pahat,Sungai Batu Pahat,Slightly Polluted,Slightly Polluted,Slightly Polluted,Slightly Polluted
Johor,Sungai Batu Pahat,Sungai Simpang Kiri,Slightly Polluted,Slightly Polluted,Slightly Polluted,Slightly Polluted
Johor,Sungai Batu Pahat,Sungai Merpo,Slightly Polluted,Slightly Polluted,Slightly Polluted,Slightly Polluted
Johor,Sungai Benut,Sungai Ulu Benut,Slightly Polluted,Slightly Polluted,Slightly Polluted,Slightly Polluted
Johor,Sungai Benut,Sungai Parit Haji Yassin,Slightly Polluted,Slightly Polluted,Slightly Polluted,Slightly Polluted
Johor,Sungai Benut,Sungai Benut,Slightly Polluted,Slightly Polluted,Slightly Polluted,Slightly Polluted
Johor,Sungai Benut,Sungai Pinggan,Slightly Polluted,Slightly Polluted,Slightly Polluted,Slightly Polluted
Johor,Sungai Air Baloi,Sungai Air Baloi,Slightly Polluted,Polluted,Slightly Polluted,Polluted
Johor,Sungai Jemaluang,Sungai Jemaluang,Slightly Polluted,Slightly Polluted,Slightly Polluted,Slightly Polluted
Johor,Sungai Johor,Sungai Panti,Slightly Polluted,Slightly Polluted,Slightly Polluted,Slightly Polluted
Johor,Sungai Johor,Sungai Penggeli,Clean,Slightly Polluted,Slightly Polluted,Slightly Polluted
Johor,Sungai Johor,Sungai Anak Sungai Sayong,Slightly Polluted,Slightly Polluted,Slightly Polluted,Slightly Polluted
Johor,Sungai Johor,Sungai Seluyut,Slightly Polluted,Slightly Polluted,Slightly Polluted,Slightly Polluted
Johor,Sungai Johor,Sungai Tiram,Slightly Polluted,Slightly Polluted,Slightly Polluted,Slightly Polluted
Johor,Sungai Johor,Sungai Lebam,Slightly Polluted,Slightly Polluted,Slightly Polluted,Slightly Polluted
Johor,Sungai Johor,Sungai Papan,Slightly Polluted,Slightly Polluted,Slightly Polluted,Slightly Polluted
Johor,Sungai Johor,Sungai Sebol,Slightly Polluted,Slightly Polluted,Slightly Polluted,Slightly Polluted
Johor,Sungai Johor,Sungai Chemangar,Slightly Polluted,Slightly Polluted,Polluted,Slightly Polluted
Johor,Sungai Johor,Sungai Temoh,Polluted,Slightly Polluted,Slightly Polluted,Slightly Polluted
Johor,Sungai Mersing,Sungai Mersing,Slightly Polluted,Slightly Polluted,Slightly Polluted,Slightly Polluted
Johor,Sungai Pontian,Sungai Air Hitam,Slightly Polluted,Slightly Polluted,Slightly Polluted,Slightly Polluted
Johor,Sungai Pontian,Sungai Pontian,Slightly Polluted,Slightly Polluted,Polluted,Slightly Polluted
Johor,Sungai Pontian Kecil,Sungai Pontian Kecil,Slightly Polluted,Slightly Polluted,Slightly Polluted,Slightly Polluted
Johor,Sungai Pulai,Sungai Pulai,Slightly Polluted,Slightly Polluted,Slightly Polluted,Slightly Polluted
Johor,Sungai Rambah,Sungai Rambah,Slightly Polluted,Slightly Polluted,Slightly Polluted,Slightly Polluted
Johor,Sungai Sedili Besar,Sungai Pasir Panjang,Clean,Slightly Polluted,Slightly Polluted,Slightly Polluted
Johor,Sungai Sedili Besar,Sungai Sedili Besar,Slightly Polluted,Slightly Polluted,Slightly Polluted,Slightly Polluted
Johor,Sungai Sedili Kecil,Sungai Sedili Kecil,Clean,Slightly Polluted,Slightly Polluted,Slightly Polluted
Johor,Sungai Sedili Kecil,Sungai Anak Sedili Kecil,Slightly Polluted,Slightly Polluted,Polluted,Slightly Polluted
Johor,Sungai Sedili Kecil,Sungai Bahan,Slightly Polluted,Slightly Polluted,Slightly Polluted,Slightly Polluted
Johor,Sungai Skudai,Sungai Skudai,Slightly Polluted,Polluted,Polluted,Slightly Polluted
Johor,Sungai Muar,Sungai Gemencheh,Slightly Polluted,Slightly Polluted,Slightly Polluted,Slightly Polluted
Johor,Sungai Muar,Sungai Labis,Clean,Slightly Polluted,Slightly Polluted,Clean
Johor,Sungai Muar,Sungai Segamat,Clean,Slightly Polluted,Slightly Polluted,Clean
Johor,Sungai Muar,Sungai Meda,Slightly Polluted,Slightly Polluted,Slightly Polluted,Slightly Polluted
Pahang,Sungai Anak Endau,Sungai Anak Endau,Clean,Slightly Polluted,Slightly Polluted,Clean
Pahang,Sungai Baluk,Sungai Baluk,Slightly Polluted,Slightly Polluted,Slightly Polluted,Slightly Polluted
Pahang,Sungai Baluk,Sungai Panjang,Slightly Polluted,Slightly Polluted,Slightly Polluted,Slightly Polluted
Pahang,Sungai Bebar,Sungai Merba,Clean,Slightly Polluted,Slightly Polluted,Slightly Polluted
Pahang,Sungai Bebar,Sungai Bebar,Slightly Polluted,Slightly Polluted,Slightly Polluted,Slightly Polluted
Pahang,Sungai Bebar,Sungai Serai,Slightly Polluted,Slightly Polluted,Slightly Polluted,Slightly Polluted
Pahang,Sungai Bertam,Sungai Bertam,Slightly Polluted,Slightly Polluted,Slightly Polluted,Slightly Polluted
Pahang,Sungai Kuantan,Sungai Talam,Slightly Polluted,Slightly Polluted,Slightly Polluted,Slightly Polluted
Pahang,Sungai Kuantan,Sungai Belat,Clean,Slightly Polluted,Slightly Polluted,Slightly Polluted
Pahang,Sungai Kuantan,Sungai Charu,Clean,Slightly Polluted,Slightly Polluted,Clean
Pahang,Sungai Kuantan,Sungai Kuantan,Clean,Slightly Polluted,Slightly Polluted,Clean
Pahang,Sungai Kuantan,Sungai Riau,Slightly Polluted,Slightly Polluted,Slightly Polluted,Slightly Polluted
Pahang,Sungai Kuantan,Sungai Rompin,Clean,Slightly Polluted,Slightly Polluted,Clean
Pahang,Sungai Tonggok,Sungai Tonggok,Slightly Polluted,Slightly Polluted,Slightly Polluted,Slightly Polluted
Johor,Sungai Endau,Sungai Lenggor,Slightly Polluted,Slightly Polluted,Slightly Polluted,Slightly Polluted
Johor,Sungai Endau,Sungai Mamai,Clean,Slightly Polluted,Slightly Polluted,Slightly Polluted
Johor,Sungai Endau,Sungai Paloh,Clean,Slightly Polluted,Slightly Polluted,Slightly Polluted
Johor,Sungai Endau,Sungai Semberong,Slightly Polluted,Polluted,Slightly Polluted,Slightly Polluted
Johor,Sungai Endau,Sungai Singol,Polluted,Polluted,Slightly Polluted,Polluted
Johor,Sungai Endau,Sungai Mengkibol,Slightly Polluted,Slightly Polluted,Slightly Polluted,Slightly Polluted
Johor,Sungai Endau,Sungai Pamol,Slightly Polluted,Slightly Polluted,Slightly Polluted,Slightly Polluted
Johor,Sungai Endau,Sungai Melatai,Slightly Polluted,Slightly Polluted,Polluted,Slightly Polluted
Pahang,Sungai Pahang,Sungai Jengka,Clean,Slightly Polluted,Slightly Polluted,Clean
Pahang,Sungai Pahang,Sungai Tekam,Clean,Slightly Polluted,Slightly Polluted,Clean
Pahang,Sungai Pahang,Sungai Bera,Clean,Slightly Polluted,Slightly Polluted,Slightly Polluted
Pahang,Sungai Pahang,Sungai Serting,Slightly Polluted,Slightly Polluted,Slightly Polluted,Slightly Polluted
Pahang,Sungai Pahang,Sungai Mentiga,Clean,Slightly Polluted,Slightly Polluted,Slightly Polluted
Pahang,Sungai Pahang,Sungai Tasik Bera,Clean,Slightly Polluted,Slightly Polluted,Slightly Polluted
Terengganu,Sungai Chukai,Sungai Ibok,Clean,Slightly Polluted,Slightly Polluted,Clean
Terengganu,Sungai Chukai,Sungai Chukai,Slightly Polluted,Slightly Polluted,Slightly Polluted,Slightly Polluted
Terengganu,Sungai Chukai,Sungai Bungkus,Slightly Polluted,Slightly Polluted,Slightly Polluted,Slightly Polluted
Terengganu,Sungai Chukai,Sungai Ruang,Slightly Polluted,Slightly Polluted,Slightly Polluted,Slightly Polluted
Terengganu,Sungai Ibai,Sungai Ibai,Slightly Polluted,Slightly Polluted,Slightly Polluted,Slightly Polluted
Terengganu,Sungai Kemaman,Sungai Ransan,Slightly Polluted,Slightly Polluted,Slightly Polluted,Slightly Polluted
Terengganu,Sungai Kertih,Sungai Kertih,Clean,Slightly Polluted,Slightly Polluted,Slightly Polluted
Terengganu,Sungai Kluang,Sungai Kluang,Slightly Polluted,Slightly Polluted,Slightly Polluted,Slightly Polluted
Terengganu,Sungai Marang,Sungai Marang,Slightly Polluted,Slightly Polluted,Slightly Polluted,Slightly Polluted
Terengganu,Sungai Merang,Sungai Merang,Slightly Polluted,Slightly Polluted,Slightly Polluted,Slightly Polluted
Terengganu,Sungai Merchang,Sungai Merchang,Slightly Polluted,Slightly Polluted,Slightly Polluted,Slightly Polluted
Terengganu,Sungai Paka,Sungai Paka,Clean,Slightly Polluted,Slightly Polluted,Clean
Terengganu,Sungai Paka,Sungai Rasau,Clean,Slightly Polluted,Slightly Polluted,Slightly Polluted
Terengganu,Sungai Setiu,Sungai Chalok,Clean,Slightly Polluted,Slightly Polluted,Clean
Kelantan,Sungai Kelantan,Sungai Kelantan,Clean,Slightly Polluted,Slightly Polluted,Clean
Kelantan,Sungai Kemasin,Sungai Kemasin,Clean,Slightly Polluted,Slightly Polluted,Slightly Polluted
Kelantan,Sungai Pengkalan Chepa,Sungai Raja Gali,Slightly Polluted,Slightly Polluted,Slightly Polluted,Slightly Polluted
Kelantan,Sungai Pengkalan Chepa,Sungai Pengkalan Chepa,Slightly Polluted,Slightly Polluted,Slightly Polluted,Slightly Polluted
Kelantan,Sungai Pengkalan Chepa,Sungai Keladi,Slightly Polluted,Slightly Polluted,Slightly Polluted,Slightly Polluted
Kelantan,Sungai Pengkalan Datu,Sungai Pengkalan Datu,Slightly Polluted,Slightly Polluted,Slightly Polluted,Slightly Polluted
Sabah,Sungai Kimanis,Sungai Kimanis,Slightly Polluted,Slightly Polluted,Slightly Polluted,Slightly Polluted
Sabah,Sungai Likas,Sungai Inanam,Slightly Polluted,Slightly Polluted,Slightly Polluted,Slightly Polluted
Sabah,Sungai Likas,Sungai Likas,Slightly Polluted,Slightly Polluted,Slightly Polluted,Slightly Polluted
Sabah,Sungai Membakut,Sungai Membakut,Slightly Polluted,Slightly Polluted,Slightly Polluted,Slightly Polluted
Sabah,Sungai Membakut,Sungai Pangatan,Clean,Slightly Polluted,Slightly Polluted,Slightly Polluted
Sabah,Sungai Sembulan,Sungai Sembulan,Slightly Polluted,Slightly Polluted,Slightly Polluted,Slightly Polluted
Sabah,Sungai Umas-Umas,Sungai Umas-Umas,Clean,Slightly Polluted,Slightly Polluted,Slightly Polluted
Sarawak,Sungai Balingian,Sungai Balingian,Clean,Slightly Polluted,Slightly Polluted,Slightly Polluted
Sarawak,Sungai Baram,Sungai Baram,Clean,Slightly Polluted,Slightly Polluted,Clean
Sarawak,Sungai Kayan,Sungai Kayan,Clean,Slightly Polluted,Slightly Polluted,Clean
Sarawak,Sungai Kemena,Sungai Kemena,Clean,Slightly Polluted,Slightly Polluted,Slightly Polluted
Sarawak,Sungai Kemena,Sungai Sibiu,Clean,Slightly Polluted,Slightly Polluted,Slightly Polluted
Sarawak,Sungai Kerian,Sungai Kerian,Clean,Slightly Polluted,Slightly Polluted,Clean
Sarawak,Sungai Kerian,Sungai Seblak,Clean,Slightly Polluted,Slightly Polluted,Slightly Polluted
Sarawak,Sungai Lupar,Sungai Sekerang,Clean,Slightly Polluted,Slightly Polluted,Clean
Sarawak,Sungai Lupar,Sungai Undup,Clean,Slightly Polluted,Slightly Polluted,Clean
Sarawak,Sungai Miri,Sungai Lutong,Slightly Polluted,Slightly Polluted,Slightly Polluted,Slightly Polluted
Sarawak,Sungai Miri,Sungai Miri,Slightly Polluted,Slightly Polluted,Slightly Polluted,Slightly Polluted
Sarawak,Sungai Miri,Sungai Adong,Slightly Polluted,Slightly Polluted,Slightly Polluted,Slightly Polluted
Sarawak,Sungai Miri,Sungai Dalam,Slightly Polluted,Slightly Polluted,Slightly Polluted,Slightly Polluted
Sarawak,Sungai Mukah,Sungai Mukah,Clean,Slightly Polluted,Slightly Polluted,Slightly Polluted
Sarawak,Sungai Niah,Sungai Sekaloh,Clean,Slightly Polluted,Slightly Polluted,Slightly Polluted
Sarawak,Sungai Oya,Sungai Oya,Clean,Slightly Polluted,Slightly Polluted,Slightly Polluted
Sarawak,Sungai Rajang,Sungai Baloi,Clean,Slightly Polluted,Slightly Polluted,Clean
Sarawak,Sungai Rajang,Sungai Meradong,Clean,Slightly Polluted,Slightly Polluted,Slightly Polluted
Sarawak,Sungai Rajang,Sungai Rajang,Clean,Slightly Polluted,Slightly Polluted,Slightly Polluted
Sarawak,Sungai Rajang,Sungai Salim,Slightly Polluted,Slightly Polluted,Slightly Polluted,Slightly Polluted
Sarawak,Sungai Sarawak,Sungai Sarawak Kiri,Clean,Slightly Polluted,Slightly Polluted,Clean
Sarawak,Sungai Sarawak,Sungai Kuap,Clean,Slightly Polluted,Slightly Polluted,Slightly Polluted
Sarawak,Sungai Sarawak,Sungai Tabuan,Clean,Slightly Polluted,Slightly Polluted,Slightly Polluted
Sarawak,Sungai Sarawak,Sungai Semenggoh,Slightly Polluted,Slightly Polluted,Slightly Polluted,Slightly Polluted
Sarawak,Sungai Sarawak,Sungai Maong Kiri,Slightly Polluted,Slightly Polluted,Slightly Polluted,Slightly Polluted
Sarawak,Sungai Layar,Sungai Layar,Clean,Slightly Polluted,Slightly Polluted,Clean
Sarawak,Sungai Sibuti,Sungai Kejapil,Clean,Slightly Polluted,Slightly Polluted,Clean
Sarawak,Sungai Sibuti,Sungai Kabuloh,Slightly Polluted,Slightly Polluted,Slightly Polluted,Slightly Polluted
Sarawak,Sungai Similajau,Sungai Similajau,Clean,Slightly Polluted,Slightly Polluted,Slightly Polluted
Sarawak,Sungai Suai,Sungai Suai,Clean,Slightly Polluted,Slightly Polluted,Slightly Polluted
Pulau Pinang,Sungai Jawi,Sungai Jawi,Polluted,Polluted,Polluted,Polluted
Pulau Pinang,Sungai Juru,Sungai Juru,Slightly Polluted,Polluted,Polluted,Polluted
Pulau Pinang,Sungai Juru,Sungai Rambai,Polluted,Polluted,Polluted,Polluted
Pulau Pinang,Sungai Pinang,Sungai Pinang,Polluted,Polluted,Polluted,Polluted
Pulau Pinang,Sungai Pinang,Sungai Jelutong,Polluted,Polluted,Polluted,Polluted
Pulau Pinang,Sungai Perai,Sungai Perai,Slightly Polluted,Polluted,Polluted,Polluted
Pulau Pinang,Sungai Perai,Sungai Kereh,Polluted,Polluted,Polluted,Polluted
Pulau Pinang,Sungai Perai,Sungai Pertama,Polluted,Polluted,Polluted,Polluted
Perak,Sungai Perak,Sungai Nyamok,Slightly Polluted,Polluted,Polluted,Slightly Polluted
Selangor,Sungai Klang,Sungai Air Busuk,Polluted,Polluted,Polluted,Polluted
Selangor,Sungai Klang,Sungai Bunos,Slightly Polluted,Polluted,Polluted,Polluted
Selangor,Sungai Klang,Sungai Belongkong,Slightly Polluted,Polluted,Polluted,Polluted
Selangor,Sungai Klang,Sungai Kerayong,Polluted,Polluted,Polluted,Polluted
Selangor,Sungai Klang,Sungai Kuyoh,Polluted,Polluted,Polluted,Polluted
Melaka,Sungai Seri Melaka,Sungai Seri Melaka,Polluted,Polluted,Polluted,Polluted
Johor,Sungai Batu Pahat,Sungai Simpang Kanan,Polluted,Polluted,Polluted,Polluted
Johor,Sungai Danga,Sungai Danga,Polluted,Polluted,Polluted,Polluted
Johor,Sungai Johor,Sungai Semenchu,Polluted,Polluted,Polluted,Polluted
Johor,Kawasan Pasir Gudang,Sungai Latoh,Slightly Polluted,Polluted,Polluted,Polluted
Johor,Kawasan Pasir Gudang,Sungai Perembi,Polluted,Polluted,Polluted,Polluted
Johor,Kawasan Pasir Gudang,Sungai Masai,Polluted,Polluted,Polluted,Polluted
Johor,Kawasan Pasir Gudang,Sungai Buluh,Polluted,Polluted,Polluted,Polluted
Johor,Kawasan Pasir Gudang,Sungai Tukang Batu,Polluted,Polluted,Polluted,Polluted
Johor,Sungai Kempas,Sungai Kempas,Polluted,Polluted,Polluted,Polluted
Johor,Sungai Kim-Kim,Sungai Kim-Kim,Slightly Polluted,Polluted,Polluted,Slightly Polluted
Johor,Sungai Pontian Besar,Sungai Ayer Merah,Polluted,Polluted,Polluted,Polluted
Johor,Sungai Pulai,Sungai Ulu Choh,Polluted,Polluted,Polluted,Polluted
Johor,Sungai Sanglang,Sungai Sanglang,Polluted,Polluted,Polluted,Polluted
Johor,Sungai Segget,Sungai Segget,Polluted,Polluted,Polluted,Polluted
Johor,Sungai Skudai,Sungai Melana,Polluted,Polluted,Polluted,Polluted
Johor,Sungai Tebrau,Sungai Bala,Slightly Polluted,Polluted,Polluted,Polluted
Johor,Sungai Tebrau,Sungai Sebulung,Polluted,Polluted,Polluted,Polluted
Johor,Sungai Tebrau,Sungai Plentong,Polluted,Polluted,Polluted,Polluted
Johor,Sungai Tebrau,Sungai Pandan,Slightly Polluted,Polluted,Polluted,Polluted
Johor,Sungai Tebrau,Sungai Tampoi,Polluted,Polluted,Polluted,Polluted
Johor,Sungai Tebrau,Sungai Sengkuang,Polluted,Polluted,Polluted,Polluted
Johor,Sungai Tebrau,Sungai Tebrau,Slightly Polluted,Polluted,Polluted,Polluted
Johor,Sungai Muar,Sungai Sarang Buaya,Polluted,Polluted,Polluted,Polluted
Pahang,Sungai Endau,Sungai Jebong,Polluted,Polluted,Polluted,Polluted
Kelantan,Sungai Pengkalan Chepa,Sungai Alor Lintah,Slightly Polluted,Polluted,Polluted,Polluted
Kelantan,Sungai Pengkalan Chepa,Sungai Alor B,Slightly Polluted,Polluted,Polluted,Polluted
